LOCATIONID,LOCATIONNAME,ZONELEVELID,geometry
0-EU-ES-08-13-001-019-08-008,Porta,8,2.174593|2.17377|2.172799|2.172304|2.172063|2.17228|2.172858|2.173287|2.173654|2.17382|2.174235|2.174523|2.174809|2.176377|2.179467|2.180818|2.181041|2.182189|2.182953|2.182837|2.182535|2.182647|2.183179|2.18346|2.184371|2.184746|2.18532|2.183897|2.178906|2.176172|2.174593|41.438354|41.437341|41.436391|41.435647|41.435321|41.43497|41.433931|41.433135|41.432491|41.432197|41.431439|41.430922|41.430302|41.430271|41.43025|41.430248|41.430249|41.430248|41.430247|41.430406|41.431031|41.431732|41.433107|41.434167|41.436839|41.437966|41.43967|41.439524|41.438915|41.438591|41.438354
0-EU-ES-08-13-001-019-09-001,La Trinitat Vella,8,2.190409|2.189046|2.188866|2.189032|2.188716|2.187683|2.188171|2.188825|2.190633|2.192537|2.193118|2.193428|2.194117|2.194938|2.196017|2.197408|2.20145|2.200801|2.197658|2.194743|2.192449|2.192037|2.191191|2.190457|2.190409|41.455189|41.4536|41.453394|41.451682|41.449901|41.446943|41.44695|41.446948|41.446933|41.44688|41.447114|41.447238|41.447515|41.447596|41.447403|41.447685|41.449038|41.449761|41.452325|41.454631|41.456387|41.455904|41.455505|41.455212|41.455189
0-EU-ES-08-13-001-019-09-003,Baró de Viver,8,2.20145|2.198839|2.197408|2.197122|2.196813|2.195825|2.197606|2.199722|2.199682|2.199422|2.199375|2.200132|2.201293|2.20328|2.20145|41.449038|41.448164|41.447685|41.446746|41.445728|41.44258|41.442698|41.442839|41.443095|41.444759|41.445066|41.445452|41.44602|41.44699|41.449038
0-EU-ES-08-13-001-019-10-010,Sant Martí de Provençals,8,2.192434|2.193101|2.193772|2.194473|2.195436|2.196336|2.197116|2.198439|2.2016|2.205074|2.202346|2.201574|2.199582|2.198625|2.197971|2.196707|2.195197|2.193739|2.193272|2.193298|2.193603|2.192434|41.414519|41.414015|41.413514|41.412988|41.412266|41.411591|41.411008|41.41198|41.414325|41.416934|41.419026|41.419611|41.421077|41.421818|41.421901|41.422162|41.42248|41.417921|41.416716|41.416189|41.415373|41.414519
0-EU-ES-08-13-001-019-03-005,La Marina del Port,8,2.133836|2.135538|2.136822|2.14182|2.143353|2.143614|2.145093|2.146436|2.146024|2.145818|2.145294|2.145067|2.144933|2.144836|2.144821|2.144841|2.144704|2.145401|2.14614|2.146478|2.146917|2.147327|2.148042|2.148486|2.148793|2.149111|2.149268|2.149382|2.14915|2.148877|2.147908|2.147435|2.146385|2.146043|2.145281|2.144141|2.143951|2.143749|2.143317|2.142883|2.143107|2.142337|2.142053|2.14166|2.141471|2.141271|2.141116|2.140334|2.139728|2.139571|2.140152|2.139458|2.133927|2.135367|2.134504|2.133184|2.132878|2.132262|2.133471|2.133836|41.353092|41.353707|41.354285|41.356326|41.354209|41.354312|41.354746|41.355347|41.356499|41.356854|41.357348|41.357577|41.357806|41.357967|41.358587|41.358894|41.359185|41.359539|41.359904|41.360018|41.360041|41.35996|41.359824|41.359728|41.359688|41.359817|41.360007|41.36052|41.360983|41.361516|41.362242|41.36259|41.362988|41.363209|41.363268|41.36378|41.363915|41.36411|41.364471|41.364677|41.364912|41.365374|41.365484|41.365655|41.365875|41.365964|41.365924|41.365873|41.365834|41.365917|41.367319|41.367755|41.363387|41.362144|41.360949|41.359989|41.358967|41.355418|41.353593|41.353092
0-EU-ES-08-13-001-019-03-008,La Marina del Prat Vermell,8,2.133842|2.135728|2.137434|2.138936|2.141825|2.150914|2.153188|2.150864|2.148953|2.146794|2.146436|2.145093|2.143679|2.143352|2.14182|2.136808|2.135522|2.133842|41.353092|41.350813|41.34889|41.346758|41.347449|41.35101|41.351626|41.352827|41.353767|41.354825|41.355347|41.354746|41.354332|41.354205|41.356326|41.354279|41.353702|41.353092
0-EU-ES-08-13-001-019-04-003,Pedralbes,8,2.127388|2.127975|2.128491|2.129396|2.127157|2.125581|2.124729|2.124294|2.123237|2.122288|2.120834|2.120695|2.120398|2.119895|2.119446|2.118535|2.118427|2.118072|2.117828|2.117607|2.118144|2.11843|2.118463|2.118301|2.118065|2.117927|2.11737|2.116791|2.115744|2.115432|2.11477|2.11394|2.113428|2.11316|2.112886|2.112425|2.111843|2.110886|2.110339|2.109989|2.109766|2.109529|2.109327|2.109106|2.108557|2.108239|2.10789|2.105773|2.105586|2.105448|2.105268|2.104958|2.104295|2.103178|2.100288|2.097862|2.099756|2.10212|2.10201|2.102002|2.10648|2.111129|2.113113|2.121284|2.127388|41.388414|41.390225|41.391199|41.392384|41.391843|41.391465|41.391266|41.391157|41.390868|41.390644|41.390091|41.390566|41.390965|41.391371|41.391583|41.391768|41.391802|41.391903|41.392073|41.392219|41.392749|41.393301|41.393941|41.394481|41.394873|41.395094|41.395373|41.395527|41.395807|41.39598|41.396405|41.396869|41.397151|41.397301|41.397178|41.396907|41.396561|41.395874|41.395778|41.396079|41.39627|41.396599|41.39688|41.397272|41.398545|41.398827|41.399142|41.40102|41.401182|41.401314|41.401442|41.401734|41.402307|41.403367|41.39817|41.393808|41.391087|41.387608|41.382383|41.381719|41.382899|41.384136|41.384667|41.386826|41.388414
0-EU-ES-08-13-001-019-05-001,Vallvidrera - El Tibidabo i les Planes,8,2.105056|2.105514|2.10577|2.105954|2.106225|2.106619|2.107008|2.107368|2.107466|2.10729|2.107355|2.107643|2.107727|2.10787|2.107979|2.108708|2.10891|2.109091|2.109012|2.10885|2.108598|2.10844|2.108132|2.107554|2.107406|2.107124|2.106915|2.106829|2.106729|2.106563|2.106345|2.106062|2.105633|2.1054|2.104916|2.104596|2.104391|2.104295|2.104299|2.104445|2.104317|2.103755|2.103537|2.103356|2.103204|2.103496|2.103552|2.103414|2.103897|2.104154|2.104517|2.105442|2.105782|2.106819|2.106977|2.107003|2.106732|2.105892|2.105773|2.105773|2.106229|2.106265|2.106361|2.106461|2.10669|2.107019|2.107447|2.108005|2.108249|2.108226|2.108274|2.108183|2.10837|2.10861|2.108815|2.109126|2.109472|2.109698|2.109961|2.110158|2.110257|2.110479|2.110902|2.111068|2.111164|2.111225|2.111439|2.1119|2.112261|2.112571|2.11271|2.112882|2.113004|2.113741|2.11418|2.114291|2.11443|2.114621|2.115231|2.115561|2.115823|2.116041|2.116364|2.116786|2.117694|2.118358|2.11857|2.118606|2.118678|2.119328|2.119424|2.11938|2.119078|2.118686|2.118571|2.118766|2.119456|2.120011|2.120072|2.120051|2.119834|2.119836|2.120033|2.120705|2.120871|2.121094|2.121475|2.121702|2.121703|2.12186|2.121923|2.122096|2.122086|2.122234|2.122346|2.122564|2.122784|2.12315|2.123429|2.123312|2.123173|2.123356|2.123728|2.124171|2.124635|2.124985|2.125469|2.12561|2.125244|2.125167|2.125541|2.12621|2.126343|2.126604|2.126697|2.126894|2.12698|2.127507|2.127975|2.128439|2.128606|2.128852|2.128907|2.128513|2.127914|2.127961|2.128217|2.128199|2.128048|2.127793|2.127499|2.127449|2.128107|2.128441|2.128607|2.128749|2.128833|2.129084|2.129422|2.129691|2.129817|2.129917|2.130035|2.1304|2.130492|2.130824|2.131368|2.132003|2.131014|2.128282|2.126665|2.12632|2.125269|2.124861|2.124769|2.123993|2.121269|2.120863|2.120456|2.120515|2.121422|2.120969|2.119548|2.113093|2.103211|2.096374|2.094238|2.092731|2.091211|2.090527|2.088545|2.087098|2.085954|2.084671|2.083723|2.080393|2.07498|2.073273|2.071766|2.071091|2.072421|2.076514|2.073305|2.072907|2.080193|2.080064|2.075253|2.077378|2.078813|2.078142|2.07218|2.072075|2.072133|2.069932|2.070346|2.072445|2.077873|2.08396|2.094573|2.09909|2.103636|2.103174|2.104013|2.104951|2.105056|41.402227|41.402302|41.40258|41.403229|41.403244|41.403227|41.403295|41.403547|41.404135|41.404501|41.40463|41.404786|41.40493|41.405294|41.405455|41.405771|41.406048|41.406699|41.406829|41.406969|41.40704|41.406962|41.406696|41.406511|41.406594|41.406871|41.406955|41.406948|41.406927|41.40683|41.406521|41.406462|41.406507|41.406405|41.406049|41.406058|41.406129|41.406253|41.406444|41.407111|41.407275|41.407339|41.407391|41.407593|41.407949|41.408304|41.408531|41.409148|41.409381|41.40975|41.409837|41.409792|41.409822|41.409873|41.410003|41.410119|41.41044|41.410992|41.411179|41.411264|41.411429|41.411619|41.411763|41.411775|41.411684|41.411503|41.411416|41.411378|41.411491|41.411944|41.412399|41.412756|41.412901|41.412917|41.41303|41.413033|41.412615|41.412447|41.412435|41.412551|41.412953|41.413285|41.413613|41.413642|41.413553|41.413125|41.412764|41.412419|41.412341|41.412603|41.412703|41.412773|41.412758|41.412242|41.412227|41.412369|41.412888|41.41305|41.413144|41.414052|41.414225|41.414162|41.413752|41.413575|41.413723|41.413651|41.413517|41.412931|41.412733|41.412503|41.413015|41.413344|41.413769|41.414617|41.414909|41.415065|41.415138|41.41512|41.415154|41.415237|41.415679|41.416263|41.416245|41.415988|41.416048|41.416463|41.417014|41.416891|41.416412|41.416208|41.415903|41.415644|41.415293|41.415179|41.415225|41.415398|41.415496|41.415375|41.414911|41.414531|41.414007|41.413773|41.413637|41.413582|41.413847|41.413934|41.413966|41.414047|41.414491|41.415004|41.415614|41.415886|41.416028|41.41666|41.41673|41.416756|41.416744|41.41665|41.416629|41.416675|41.416882|41.41724|41.417503|41.417922|41.418272|41.418434|41.418635|41.418758|41.418908|41.419121|41.419274|41.41945|41.419701|41.419709|41.419819|41.419853|41.419909|41.419633|41.419504|41.419628|41.419812|41.420014|41.4201|41.42002|41.42023|41.419991|41.420224|41.420422|41.421931|41.422202|41.421725|41.421421|41.421204|41.421252|41.421701|41.421533|41.421487|41.421836|41.422792|41.424052|41.425712|41.425932|41.425659|41.428716|41.42826|41.433721|41.432211|41.430508|41.429737|41.429116|41.429428|41.42917|41.429577|41.430949|41.431894|41.430754|41.433263|41.436403|41.43607|41.436056|41.431174|41.428694|41.427622|41.425018|41.424193|41.423058|41.422254|41.418705|41.41908|41.412459|41.411093|41.408944|41.407643|41.407194|41.406637|41.403559|41.403081|41.4095|41.408053|41.408076|41.404224|41.403373|41.402703|41.401755|41.402227
0-EU-ES-08-13-001-019-06-003,La Salut,8,2.14976|2.149661|2.149049|2.149202|2.149843|2.149951|2.150217|2.149208|2.148281|2.148024|2.148604|2.148769|2.150015|2.150616|2.150764|2.151063|2.153818|2.154222|2.155985|2.158185|2.1605|2.162087|2.161851|2.161439|2.16129|2.161053|2.160879|2.160714|2.160213|2.159123|2.158634|2.158057|2.157821|2.157633|2.157474|2.157236|2.157001|2.156656|2.155915|2.155115|2.15463|2.153591|2.153314|2.15289|2.152694|2.151944|2.151579|2.151199|2.150343|2.150188|2.150791|2.150839|2.150262|2.149398|2.149542|2.149778|2.14987|2.14976|41.41342|41.413034|41.412925|41.412759|41.412071|41.411952|41.411665|41.411164|41.410675|41.410532|41.409955|41.409795|41.408577|41.407987|41.407849|41.408045|41.409066|41.408557|41.409482|41.410572|41.41181|41.412637|41.412928|41.413435|41.413615|41.41368|41.413728|41.413774|41.413914|41.414492|41.414998|41.415598|41.416117|41.416509|41.416579|41.416523|41.416261|41.415672|41.415118|41.414953|41.415232|41.416106|41.41634|41.416691|41.416873|41.416924|41.416501|41.416331|41.416332|41.416261|41.415779|41.4156|41.415441|41.415328|41.414883|41.414488|41.413887|41.41342
0-EU-ES-08-13-001-019-06-005,Vallcarca i els Penitents,8,2.136104|2.135082|2.135316|2.135213|2.134833|2.134724|2.134497|2.134313|2.134191|2.134304|2.135095|2.135367|2.134637|2.133799|2.132434|2.131032|2.132021|2.130825|2.130517|2.130589|2.130553|2.130465|2.130472|2.130377|2.130586|2.131176|2.131587|2.132186|2.132737|2.134246|2.134732|2.135138|2.135844|2.136134|2.136154|2.136167|2.136243|2.1365|2.136542|2.137355|2.137796|2.138758|2.139953|2.140962|2.14139|2.143703|2.144591|2.145077|2.145261|2.145552|2.145742|2.145892|2.146477|2.147467|2.147754|2.148212|2.148955|2.149336|2.14996|2.150489|2.150762|2.15038|2.148606|2.148026|2.148285|2.149201|2.150213|2.149047|2.149661|2.149873|2.149777|2.149539|2.149405|2.148237|2.147152|2.144971|2.14475|2.144727|2.144715|2.144896|2.14514|2.14673|2.146867|2.146981|2.14602|2.145706|2.14547|2.145181|2.144934|2.144581|2.144118|2.144012|2.144|2.144233|2.144513|2.144399|2.144088|2.143889|2.14367|2.143483|2.142097|2.141861|2.140986|2.140677|2.140072|2.139864|2.139667|2.137763|2.13758|2.137671|2.138086|2.138337|2.138437|2.138092|2.137899|2.137171|2.13632|2.136105|2.136104|41.42443|41.424896|41.424428|41.424152|41.423837|41.423567|41.423363|41.423083|41.422762|41.422593|41.422106|41.4213|41.421437|41.421519|41.421423|41.421915|41.420413|41.419978|41.420231|41.419836|41.419556|41.419445|41.419298|41.418873|41.418353|41.418211|41.418324|41.418603|41.418345|41.417808|41.41737|41.417006|41.416373|41.416115|41.41594|41.415742|41.415238|41.415042|41.415011|41.414389|41.414065|41.413342|41.412421|41.41171|41.411679|41.411432|41.411372|41.411245|41.411165|41.410887|41.410566|41.410212|41.409401|41.408187|41.407937|41.407539|41.406968|41.406666|41.407216|41.407689|41.407849|41.408215|41.409953|41.410531|41.410675|41.411163|41.411666|41.412926|41.413034|41.413871|41.414496|41.414883|41.415325|41.415581|41.414726|41.413443|41.413352|41.414139|41.414509|41.414694|41.414876|41.415694|41.415888|41.416373|41.41688|41.416744|41.41663|41.416588|41.416702|41.416966|41.417357|41.417631|41.418122|41.419093|41.419685|41.419917|41.420243|41.420156|41.420292|41.42047|41.42153|41.421576|41.421313|41.421291|41.420233|41.420287|41.420373|41.42089|41.421151|41.421349|41.421482|41.421602|41.421861|41.422791|41.423073|41.423483|41.423589|41.423833|41.42443
0-EU-ES-08-13-001-019-07-006,El Baix Guinardó,8,2.169316|2.169399|2.167992|2.167305|2.166815|2.166228|2.165648|2.164267|2.162931|2.161558|2.16129|2.161557|2.162072|2.162159|2.162244|2.163259|2.163735|2.163886|2.164182|2.168639|2.169626|2.170563|2.172948|2.174341|2.17303|2.171317|2.170016|2.169512|2.169316|41.415239|41.41558|41.415756|41.415435|41.415202|41.414922|41.414875|41.414632|41.414312|41.41376|41.413617|41.413292|41.412658|41.41256|41.412461|41.411225|41.410762|41.410614|41.41033|41.406926|41.40764|41.408359|41.410147|41.411187|41.412184|41.413494|41.414475|41.414864|41.415239
0-EU-ES-08-13-001-019-07-007,El Carmel,8,2.158557|2.158365|2.158318|2.158181|2.157851|2.157764|2.157418|2.156996|2.156663|2.155999|2.154894|2.15432|2.152975|2.152282|2.151886|2.151425|2.151037|2.150592|2.151051|2.151799|2.151723|2.152607|2.152428|2.151858|2.151552|2.15117|2.151061|2.151016|2.15099|2.150814|2.150674|2.150426|2.149514|2.149242|2.150878|2.151742|2.151718|2.151697|2.151667|2.151571|2.151454|2.151182|2.15109|2.150974|2.150975|2.150995|2.151256|2.151475|2.15176|2.151914|2.151944|2.152694|2.152894|2.15343|2.153932|2.154634|2.154827|2.155203|2.155696|2.156071|2.15615|2.15634|2.156536|2.156562|2.156363|2.156366|2.156517|2.156982|2.157327|2.158538|2.158651|2.158865|2.158969|2.159052|2.159129|2.159175|2.15913|2.15899|2.15887|2.158778|2.158827|2.159488|2.159745|2.16015|2.160672|2.160911|2.161077|2.161345|2.161079|2.161291|2.161722|2.162485|2.163054|2.163323|2.163669|2.164386|2.165079|2.165299|2.164826|2.16414|2.163867|2.163628|2.163335|2.163235|2.163046|2.162625|2.16226|2.159631|2.159244|2.159182|2.159031|2.158458|2.158166|2.159036|2.158774|2.15853|2.158557|41.424685|41.425298|41.425532|41.426285|41.428137|41.428541|41.429191|41.429061|41.428959|41.428724|41.428183|41.427805|41.427171|41.426871|41.426512|41.426321|41.426203|41.42607|41.42609|41.425993|41.425209|41.425133|41.425029|41.424753|41.424462|41.424023|41.423584|41.423303|41.422446|41.422149|41.421962|41.421638|41.420727|41.420357|41.42024|41.420177|41.419889|41.419679|41.419366|41.419107|41.418835|41.418438|41.418273|41.418058|41.417937|41.417833|41.417515|41.417305|41.417162|41.416926|41.416926|41.416876|41.416693|41.416253|41.41583|41.415233|41.415125|41.415663|41.415858|41.416005|41.416114|41.416382|41.416719|41.416903|41.417263|41.417421|41.417637|41.417835|41.417801|41.416943|41.416809|41.416525|41.416504|41.416517|41.416571|41.416666|41.41676|41.416826|41.416875|41.416943|41.417027|41.417638|41.41781|41.417797|41.417559|41.417444|41.417433|41.417483|41.41818|41.418244|41.418693|41.420077|41.419924|41.419911|41.419959|41.420011|41.420031|41.420643|41.420837|41.420921|41.420956|41.421183|41.421046|41.421167|41.421628|41.421574|41.422433|41.421948|41.421444|41.421365|41.421362|41.421696|41.423038|41.423246|41.423815|41.424299|41.424685
0-EU-ES-08-13-001-019-08-002,Les Roquetes,8,2.167978|2.168779|2.169062|2.16951|2.170137|2.170836|2.171118|2.171661|2.176667|2.177573|2.179751|2.180171|2.180284|2.179574|2.180068|2.180348|2.181202|2.183164|2.183175|2.184111|2.184469|2.183309|2.18255|2.181812|2.181312|2.180755|2.179958|2.179419|2.17909|2.178329|2.176907|2.1766|2.17618|2.175816|2.174629|2.173594|2.172544|2.172323|2.171684|2.17145|2.171031|2.170186|2.169692|2.169323|2.168568|2.16758|2.16798|2.167978|41.447592|41.447091|41.446563|41.445781|41.444645|41.444882|41.444392|41.443483|41.445369|41.445606|41.446124|41.446842|41.447205|41.447953|41.449568|41.450266|41.450915|41.452468|41.453019|41.45369|41.454478|41.453729|41.453467|41.452877|41.452728|41.453024|41.453647|41.45324|41.45195|41.451318|41.451387|41.451149|41.450583|41.450434|41.4505|41.449914|41.449269|41.449274|41.449542|41.449516|41.449239|41.448718|41.448654|41.448802|41.449578|41.449218|41.447988|41.447592
0-EU-ES-08-13-001-019-08-003,La Trinitat Nova,8,2.190409|2.188706|2.187044|2.185349|2.184469|2.184118|2.183179|2.183167|2.181624|2.180363|2.180073|2.179574|2.180284|2.180171|2.179751|2.181974|2.184991|2.187683|2.188463|2.188716|2.189036|2.188866|2.190409|41.455189|41.456102|41.455466|41.454814|41.454478|41.453689|41.453013|41.452462|41.451242|41.450264|41.449563|41.447953|41.447205|41.446842|41.446124|41.446479|41.446681|41.446944|41.44918|41.449902|41.451693|41.453389|41.455189
0-EU-ES-08-13-001-019-10-001,El Camp de l'Arpa del Clot,8,2.186899|2.186952|2.183387|2.17918|2.175459|2.176327|2.177715|2.179867|2.181103|2.183323|2.185734|2.186875|2.186899|41.411748|41.415241|41.417947|41.414856|41.412049|41.411377|41.410321|41.40869|41.407743|41.406036|41.407799|41.40867|41.411748
0-EU-ES-08-13-001-019-10-004,El Besòs,8,2.212165|2.210702|2.209628|2.208157|2.209693|2.207298|2.214048|2.215761|2.219059|2.228582|2.23853|2.227892|2.221333|2.220436|2.219344|2.21818|2.217734|2.215249|2.213108|2.212165|41.422251|41.42119|41.42037|41.419233|41.418333|41.415291|41.410113|41.410484|41.411328|41.404182|41.412252|41.412638|41.4134|41.414173|41.415661|41.417229|41.417033|41.419326|41.421182|41.422251
0-EU-ES-08-13-001-019-10-007,Provençals del Poblenou,8,2.208155|2.205073|2.202533|2.197126|2.194851|2.191501|2.192617|2.193782|2.203987|2.207567|2.209885|2.211027|2.211879|2.211675|2.207295|2.209692|2.208155|41.419234|41.416933|41.41501|41.411012|41.409305|41.406784|41.405915|41.405037|41.407614|41.408518|41.410274|41.41114|41.411778|41.411939|41.415292|41.418335|41.419234
0-EU-ES-08-13-001-019-10-009,Diagonal Mar i el Front Marítim del Poblenou,8,2.22602|2.219054|2.215785|2.214047|2.211875|2.207568|2.20398|2.21023|2.207056|2.207366|2.208661|2.210788|2.213588|2.22602|41.406091|41.411318|41.41048|41.410105|41.411779|41.408517|41.407615|41.402722|41.400304|41.400063|41.39912|41.397557|41.396108|41.406091
0-EU-ES-08-13-001-019-01-004,El Raval,8,2.169821|2.168683|2.167523|2.164729|2.163982|2.16362|2.163365|2.163283|2.163072|2.165198|2.167553|2.167527|2.174812|2.175441|2.175402|2.176119|2.17669|2.181999|2.183318|2.1817|2.179564|2.178152|2.177367|2.176348|2.176578|2.17702|2.177157|2.177237|2.177804|2.177172|2.176366|2.175493|2.175055|2.172567|2.171767|2.169821|41.385544|41.385614|41.385686|41.385952|41.385302|41.382879|41.380965|41.38035|41.378769|41.377087|41.375223|41.374961|41.374675|41.374568|41.37384|41.373316|41.372312|41.369745|41.371797|41.37242|41.37327|41.373848|41.373673|41.374181|41.374451|41.37496|41.375118|41.375204|41.375801|41.376366|41.377294|41.378618|41.379114|41.381931|41.382923|41.385544
0-EU-ES-08-13-001-019-02-005,La Sagrada Família,8,2.17546|2.174331|2.172975|2.172127|2.170833|2.169654|2.168637|2.169883|2.170767|2.172026|2.169754|2.173251|2.179559|2.186456|2.18624|2.183323|2.182983|2.176213|2.17546|41.41205|41.411185|41.410167|41.409532|41.408561|41.407661|41.406928|41.405999|41.40533|41.40439|41.402692|41.399991|41.401561|41.403361|41.403891|41.406041|41.406315|41.411466|41.41205
0-EU-ES-08-13-001-019-03-003,La Bordeta,8,2.130727|2.131491|2.131961|2.132233|2.132911|2.131705|2.133928|2.139458|2.142334|2.1424|2.142479|2.141939|2.141458|2.141463|2.141096|2.140259|2.140433|2.139501|2.137902|2.138089|2.136914|2.135245|2.134701|2.13453|2.133602|2.132248|2.131901|2.130128|2.130727|41.369436|41.368231|41.367012|41.366423|41.365555|41.365108|41.363387|41.367755|41.369965|41.37121|41.372691|41.372462|41.372833|41.37381|41.373822|41.373774|41.373186|41.372897|41.372367|41.371991|41.371594|41.37108|41.371058|41.371111|41.37119|41.370892|41.37161|41.369961|41.369436
0-EU-ES-08-13-001-019-05-003,Sant Gervasi - La Bonanova,8,2.128921|2.128866|2.128604|2.128438|2.127968|2.127499|2.127|2.126885|2.126698|2.126599|2.126463|2.126359|2.126218|2.125545|2.125175|2.125188|2.125252|2.125628|2.125468|2.12498|2.124635|2.124176|2.123723|2.123338|2.123157|2.123183|2.12339|2.123347|2.123139|2.122879|2.122794|2.122604|2.122361|2.122233|2.122053|2.122078|2.121908|2.121877|2.121844|2.121691|2.12168|2.12168|2.121484|2.121081|2.120866|2.120697|2.12005|2.119867|2.119862|2.120077|2.120105|2.12002|2.11949|2.1188|2.118598|2.118694|2.119093|2.119418|2.119478|2.119398|2.119359|2.119558|2.120397|2.121123|2.121527|2.122363|2.121799|2.122369|2.12275|2.122801|2.122897|2.123284|2.124146|2.124401|2.12471|2.124764|2.124678|2.124507|2.125905|2.126602|2.128064|2.129984|2.130301|2.131427|2.131604|2.131853|2.132184|2.133189|2.133836|2.134119|2.135057|2.135541|2.136801|2.137921|2.138618|2.139526|2.140801|2.140751|2.139815|2.139382|2.137986|2.136916|2.137738|2.138117|2.138284|2.13823|2.13803|2.137644|2.137245|2.136239|2.136172|2.13613|2.13424|2.132743|2.132186|2.131574|2.131175|2.130576|2.130368|2.130458|2.130545|2.130584|2.130507|2.130407|2.130037|2.129914|2.129836|2.129699|2.129422|2.12908|2.128832|2.128759|2.128612|2.12844|2.128112|2.127461|2.127506|2.127793|2.128058|2.128205|2.128221|2.127969|2.127915|2.128533|2.128921|41.417503|41.417235|41.416858|41.416665|41.416617|41.416638|41.416736|41.41675|41.416728|41.416646|41.416276|41.416025|41.415883|41.415608|41.414999|41.414849|41.414499|41.414035|41.413962|41.413922|41.413824|41.413568|41.413613|41.413772|41.414007|41.414202|41.414913|41.415074|41.415369|41.415449|41.415474|41.415394|41.415211|41.415161|41.415294|41.415652|41.415905|41.416052|41.416211|41.416384|41.416421|41.416886|41.417004|41.416432|41.416034|41.41597|41.416222|41.416246|41.415682|41.415256|41.415154|41.415102|41.415124|41.415051|41.414911|41.414736|41.413777|41.413342|41.413007|41.412762|41.412484|41.412386|41.411331|41.410382|41.409577|41.407503|41.407045|41.406425|41.405888|41.405404|41.405021|41.404367|41.403475|41.403229|41.402786|41.402424|41.402107|41.401706|41.402467|41.40285|41.403646|41.404681|41.404353|41.402879|41.402646|41.40232|41.401887|41.400571|41.399732|41.399351|41.400205|41.400646|41.401712|41.402862|41.403288|41.403872|41.404426|41.404447|41.405032|41.405365|41.40807|41.410103|41.410427|41.410798|41.411286|41.411651|41.412571|41.414161|41.414468|41.415235|41.415685|41.416112|41.417807|41.418338|41.418594|41.418314|41.418206|41.418349|41.418867|41.419449|41.419562|41.419838|41.420228|41.420006|41.420097|41.42|41.419807|41.419622|41.419491|41.419627|41.419907|41.41985|41.419822|41.419698|41.419693|41.419445|41.419273|41.419124|41.418916|41.418766|41.418636|41.418428|41.418276|41.417917|41.417503
0-EU-ES-08-13-001-019-05-002,Sarrià,8,2.122911|2.123161|2.124502|2.124668|2.124757|2.124702|2.124397|2.12422|2.12328|2.122893|2.122792|2.122747|2.122353|2.121793|2.122361|2.121518|2.121119|2.119538|2.119297|2.118679|2.118596|2.118568|2.11854|2.118362|2.117679|2.117224|2.116742|2.116362|2.115999|2.11582|2.115578|2.115355|2.115293|2.115243|2.11464|2.114448|2.114331|2.114239|2.11418|2.113948|2.113723|2.113478|2.113201|2.112994|2.112867|2.112709|2.112539|2.112261|2.111895|2.111415|2.111337|2.111188|2.111147|2.111067|2.110944|2.110904|2.110578|2.110471|2.110267|2.110176|2.109944|2.109685|2.109471|2.109129|2.108827|2.108581|2.108365|2.108198|2.108296|2.108249|2.108268|2.107997|2.107443|2.107|2.106658|2.106477|2.106371|2.106271|2.106253|2.105771|2.105778|2.10593|2.106742|2.107011|2.10701|2.106825|2.105473|2.104526|2.104165|2.103904|2.103423|2.103575|2.103497|2.103209|2.103367|2.103544|2.103753|2.104323|2.104452|2.10432|2.104319|2.104396|2.104625|2.104874|2.105091|2.105371|2.105626|2.106081|2.106322|2.106414|2.106536|2.106738|2.106813|2.106917|2.107122|2.107401|2.10756|2.108089|2.10839|2.108604|2.108875|2.109119|2.108919|2.108723|2.108009|2.107885|2.107667|2.107364|2.107302|2.107451|2.10739|2.107013|2.106614|2.106175|2.105964|2.105799|2.105516|2.105069|2.104955|2.106528|2.107926|2.108564|2.10879|2.109115|2.109334|2.109766|2.110342|2.110884|2.111836|2.112429|2.112889|2.113159|2.114768|2.115433|2.115748|2.117374|2.117929|2.118308|2.118466|2.118434|2.118145|2.117612|2.117835|2.118074|2.119446|2.119902|2.120425|2.12071|2.120843|2.122214|2.123376|2.124305|2.129418|2.129962|2.126039|2.125673|2.125871|2.126149|2.128176|2.12688|2.126088|2.124399|2.123417|2.122911|41.400735|41.40093|41.401701|41.402106|41.402421|41.402787|41.403226|41.403391|41.404362|41.405014|41.405391|41.405888|41.406436|41.407045|41.407505|41.409577|41.410383|41.41236|41.412486|41.412716|41.412907|41.41323|41.413503|41.413628|41.413702|41.413624|41.413556|41.413726|41.414167|41.414217|41.414053|41.413417|41.413244|41.413135|41.413046|41.412892|41.4124|41.41227|41.412201|41.412209|41.41222|41.412389|41.412594|41.41275|41.412757|41.412692|41.412558|41.412336|41.412399|41.412775|41.412872|41.413186|41.413547|41.413636|41.41362|41.413607|41.41336|41.413248|41.412952|41.412557|41.412418|41.412441|41.412604|41.413018|41.413018|41.412891|41.412881|41.412758|41.412399|41.412085|41.411484|41.411362|41.411403|41.411493|41.411685|41.411762|41.411755|41.411615|41.411411|41.41125|41.411183|41.410973|41.410466|41.410114|41.409997|41.409866|41.409775|41.409821|41.409731|41.409363|41.409136|41.408545|41.408293|41.407936|41.407598|41.407408|41.407357|41.407278|41.407123|41.406435|41.40626|41.406145|41.406071|41.406053|41.406187|41.406398|41.406519|41.406473|41.406523|41.406633|41.406836|41.40693|41.406962|41.406962|41.406876|41.40662|41.406518|41.406691|41.406945|41.407064|41.406973|41.406707|41.406037|41.405771|41.405447|41.405334|41.40477|41.404625|41.40451|41.404137|41.403544|41.403278|41.403202|41.40323|41.403215|41.402602|41.402279|41.402218|41.401754|41.400366|41.399116|41.398548|41.39804|41.397268|41.396883|41.396278|41.395782|41.395877|41.396563|41.396919|41.397183|41.397305|41.396414|41.395987|41.395813|41.395375|41.395096|41.394481|41.393939|41.393296|41.392742|41.392218|41.392075|41.391905|41.391595|41.391378|41.390956|41.390543|41.390098|41.39063|41.390915|41.391171|41.392403|41.39261|41.395604|41.395925|41.396211|41.396509|41.397801|41.397848|41.398129|41.399387|41.400273|41.400735
0-EU-ES-08-13-001-019-05-004,Les Tres Torres,8,2.128361|2.124505|2.123165|2.122915|2.12379|2.124411|2.126085|2.126886|2.128193|2.127774|2.126147|2.125868|2.125685|2.126044|2.127758|2.12996|2.131327|2.132527|2.135607|2.136376|2.136018|2.135733|2.135103|2.134719|2.134202|2.133646|2.132846|2.132661|2.132788|2.133171|2.134115|2.133936|2.133524|2.130298|2.129985|2.128361|41.403804|41.401699|41.40093|41.400735|41.39994|41.399389|41.398137|41.397851|41.397806|41.397524|41.396504|41.3962|41.395927|41.395604|41.394313|41.392615|41.392407|41.392212|41.391673|41.391556|41.391951|41.392366|41.393889|41.394847|41.3957|41.396284|41.397127|41.397532|41.397868|41.398294|41.399348|41.399594|41.400128|41.404352|41.404677|41.403804
0-EU-ES-08-13-001-019-03-006,La Font de la Guatlla,8,2.147308|2.142334|2.139458|2.140152|2.139571|2.139728|2.141116|2.14127|2.14147|2.14166|2.142896|2.143328|2.143285|2.143401|2.143607|2.144261|2.144893|2.14526|2.145525|2.146035|2.146711|2.147387|2.148233|2.148577|2.148967|2.149252|2.149447|2.149509|2.149791|2.150435|2.148433|2.147308|41.373657|41.369966|41.367755|41.367319|41.365917|41.365834|41.365924|41.365964|41.365875|41.365655|41.366764|41.36707|41.367317|41.367519|41.367665|41.367994|41.368292|41.368548|41.368965|41.369305|41.369516|41.369566|41.369472|41.369452|41.369614|41.369884|41.370468|41.370856|41.371009|41.371274|41.372807|41.373657
0-EU-ES-08-13-001-019-06-001,El Camp d'En Grassot i Gràcia Nova,8,2.163542|2.161645|2.163588|2.165212|2.16639|2.167535|2.17202|2.168622|2.165696|2.164177|2.163914|2.163259|2.16223|2.16209|2.160579|2.160045|2.158724|2.15824|2.158501|2.15929|2.159711|2.161404|2.163542|41.404946|41.403738|41.402245|41.400992|41.401882|41.401034|41.404391|41.406939|41.409174|41.41033|41.410583|41.411223|41.412476|41.412637|41.411848|41.411565|41.410854|41.410599|41.410319|41.409474|41.409028|41.40721|41.404946
0-EU-ES-08-13-001-019-06-002,Vila de Gràcia,8,2.149343|2.149899|2.150005|2.150017|2.150003|2.150388|2.15033|2.150109|2.149931|2.150708|2.151128|2.151318|2.151277|2.15154|2.153321|2.1541|2.154978|2.155641|2.159246|2.159563|2.163401|2.165212|2.161642|2.163538|2.162577|2.161575|2.160924|2.160007|2.159574|2.159114|2.158238|2.155974|2.154222|2.153817|2.152669|2.151067|2.150797|2.15049|2.149343|41.406666|41.406207|41.405861|41.405599|41.405439|41.404455|41.404138|41.403897|41.403157|41.40217|41.401645|41.40052|41.400493|41.400279|41.398502|41.397711|41.39682|41.395573|41.396506|41.396737|41.399627|41.400988|41.403738|41.404946|41.405966|41.407025|41.407723|41.408707|41.409168|41.409657|41.410597|41.409474|41.408559|41.409065|41.408638|41.408044|41.407867|41.407685|41.406666
0-EU-ES-08-13-001-019-03-009,Zona Franca - Port,8,2.175278|2.176077|2.173482|2.173521|2.173624|2.171902|2.171346|2.169277|2.168432|2.166278|2.164258|2.16264|2.161581|2.159042|2.15849|2.156581|2.154948|2.153187|2.150917|2.141847|2.138965|2.137589|2.13224|2.115798|2.107897|2.102596|2.112531|2.118726|2.142067|2.148857|2.152057|2.153462|2.161474|2.168084|2.170831|2.180275|2.175278|41.367329|41.37271|41.369868|41.368957|41.368173|41.366038|41.365041|41.362346|41.361534|41.360032|41.358798|41.357588|41.356703|41.354272|41.353746|41.352537|41.352099|41.351624|41.350999|41.347463|41.346763|41.346338|41.344737|41.339483|41.336861|41.335096|41.325726|41.322751|41.320699|41.320904|41.321877|41.320995|41.332128|41.347838|41.35195|41.365706|41.367329
0-EU-ES-08-13-001-019-08-005,Verdun,8,2.171662|2.172731|2.172843|2.172982|2.173264|2.173936|2.175148|2.176186|2.177147|2.1779|2.17826|2.178437|2.17921|2.17945|2.179751|2.177572|2.176679|2.171662|41.443483|41.442014|41.441353|41.441068|41.440653|41.440172|41.439004|41.440123|41.441154|41.442092|41.442897|41.443308|41.445112|41.445656|41.446124|41.445606|41.445372|41.443483
0-EU-ES-08-13-001-019-08-006,La Prosperitat,8,2.184983|2.181973|2.179751|2.179451|2.178287|2.17791|2.177137|2.175151|2.1746|2.17611|2.179082|2.18125|2.184043|2.185305|2.186181|2.186292|2.186563|2.187023|2.187377|2.187683|2.184983|41.446675|41.446479|41.446124|41.445659|41.442946|41.4421|41.441141|41.439005|41.438358|41.43859|41.438933|41.439201|41.439542|41.43967|41.442451|41.442788|41.443674|41.445065|41.445995|41.446943|41.446675
0-EU-ES-08-13-001-019-03-004,Hostafrancs,8,2.14296|2.142357|2.142089|2.141835|2.141862|2.141805|2.14179|2.140498|2.140469|2.140852|2.140878|2.141076|2.140992|2.141005|2.141096|2.141463|2.141459|2.141459|2.141939|2.142479|2.142334|2.148433|2.149481|2.148734|2.14472|2.144332|2.14296|41.380275|41.379855|41.379626|41.379087|41.378376|41.377165|41.376549|41.376482|41.375313|41.375292|41.375037|41.374862|41.374354|41.374168|41.373822|41.37381|41.373077|41.372832|41.372462|41.372691|41.369965|41.374492|41.375189|41.375781|41.378959|41.379247|41.380275
0-EU-ES-08-13-001-019-07-004,La Vall d'Hebron - La Clota,8,2.1511|2.150749|2.14957|2.148716|2.147993|2.147725|2.146791|2.145822|2.144681|2.142997|2.142206|2.14278|2.14349|2.144369|2.144964|2.145859|2.146541|2.147456|2.14815|2.148943|2.149545|2.150103|2.150582|2.151419|2.151879|2.152279|2.15299|2.154319|2.154883|2.155998|2.156637|2.156997|2.156367|2.155832|2.155219|2.154601|2.15396|2.153914|2.153553|2.153319|2.152665|2.152398|2.152351|2.152799|2.153218|2.152191|2.151243|2.152875|2.152258|2.151832|2.1511|41.43733|41.437327|41.436765|41.43621|41.435694|41.435452|41.434166|41.432217|41.42996|41.426421|41.424803|41.424657|41.424399|41.424433|41.424425|41.424265|41.424206|41.424438|41.42475|41.425317|41.425672|41.425895|41.426076|41.426323|41.426513|41.426875|41.427182|41.427808|41.428183|41.428728|41.428953|41.429068|41.429817|41.430077|41.430677|41.431215|41.431634|41.431738|41.432409|41.432684|41.433165|41.433442|41.433861|41.434167|41.434896|41.435142|41.435971|41.436648|41.437197|41.437347|41.43733
0-EU-ES-08-13-001-019-09-002,Sant Andreu,8,2.18828|2.187683|2.187286|2.187019|2.186496|2.185214|2.184242|2.183468|2.183183|2.182819|2.182655|2.182539|2.182828|2.184065|2.18507|2.187658|2.187967|2.188825|2.189994|2.190402|2.191399|2.192302|2.192647|2.193395|2.193935|2.194231|2.195279|2.19604|2.196393|2.196369|2.19636|2.196052|2.195485|2.194085|2.19395|2.193818|2.193844|2.194123|2.194402|2.195004|2.195608|2.195825|2.196434|2.197408|2.196016|2.194938|2.194117|2.192537|2.190481|2.18828|41.446952|41.446943|41.445748|41.445059|41.443462|41.439341|41.436454|41.434175|41.433106|41.432152|41.431734|41.431031|41.430423|41.428627|41.428625|41.428623|41.428488|41.428093|41.427793|41.427721|41.427727|41.427812|41.427871|41.428066|41.427883|41.427736|41.427213|41.426783|41.428816|41.429711|41.430323|41.431575|41.432704|41.434439|41.434784|41.435173|41.436464|41.437462|41.438438|41.439892|41.441597|41.44258|41.444522|41.447685|41.447403|41.447596|41.447515|41.44688|41.446937|41.446952
0-EU-ES-08-13-001-019-10-002,El Clot,8,2.18688|2.185452|2.183325|2.186237|2.18657|2.188464|2.191498|2.197112|2.192409|2.191109|2.19109|2.191081|2.19105|2.189017|2.186953|2.18688|41.408669|41.407592|41.406034|41.403894|41.403079|41.404466|41.40678|41.411006|41.414533|41.415547|41.41547|41.415413|41.415232|41.41368|41.415241|41.408669
0-EU-ES-08-13-001-019-08-001,Ciutat Meridiana - Torre Baró - Vallbona,8,2.187073|2.185177|2.182895|2.178735|2.18044|2.174626|2.174455|2.173006|2.168427|2.165919|2.165389|2.164879|2.16426|2.167977|2.167979|2.16758|2.168568|2.169323|2.169692|2.170188|2.170915|2.171029|2.17145|2.171684|2.172323|2.172545|2.173303|2.173593|2.174629|2.175816|2.17618|2.1766|2.176907|2.178329|2.17909|2.179419|2.179958|2.180755|2.181313|2.181812|2.18255|2.18331|2.184469|2.188706|2.190409|2.190458|2.191193|2.192037|2.192449|2.188499|2.187073|41.467502|41.467615|41.467731|41.467998|41.464571|41.463534|41.463448|41.462643|41.460045|41.458536|41.455776|41.453139|41.449889|41.447592|41.447988|41.449218|41.449578|41.448802|41.448654|41.448718|41.449167|41.449237|41.449516|41.449542|41.449274|41.449269|41.449734|41.449912|41.4505|41.450434|41.450583|41.451148|41.451387|41.451318|41.45195|41.45324|41.453647|41.453025|41.452728|41.452877|41.453467|41.453729|41.454478|41.456102|41.455189|41.455212|41.455506|41.455904|41.456387|41.459673|41.467502
0-EU-ES-08-13-001-019-05-005,Sant Gervasi - Galvany,8,2.141826|2.141384|2.140797|2.140385|2.139529|2.138635|2.137919|2.136801|2.135548|2.13411|2.132794|2.132653|2.13284|2.133672|2.134215|2.13471|2.13517|2.135733|2.136026|2.136383|2.137856|2.14388|2.144458|2.14477|2.146082|2.147336|2.150252|2.153287|2.155635|2.154976|2.153302|2.151998|2.151538|2.151262|2.150064|2.14887|2.147646|2.147301|2.14624|2.144981|2.143873|2.142778|2.142236|2.141826|41.404052|41.404214|41.404427|41.404247|41.403875|41.403298|41.402861|41.40171|41.400651|41.399342|41.397866|41.397531|41.397141|41.396257|41.395691|41.394859|41.393744|41.392372|41.391943|41.391553|41.391359|41.39286|41.392848|41.392864|41.393212|41.393542|41.394257|41.394996|41.395575|41.396819|41.398518|41.399824|41.400275|41.400501|41.400913|41.401217|41.401143|41.401356|41.401937|41.402635|41.402997|41.403414|41.403902|41.404052
0-EU-ES-08-13-001-019-10-003,La Verneda i la Pau,8,2.207286|2.203634|2.201579|2.200878|2.199594|2.198521|2.197807|2.197276|2.196993|2.196769|2.196275|2.196044|2.195715|2.195479|2.195208|2.196012|2.197961|2.198628|2.199586|2.201603|2.20355|2.205076|2.208132|2.210943|2.212176|2.211554|2.209987|2.206157|2.20655|2.207286|41.427728|41.429337|41.430024|41.430275|41.430273|41.429916|41.429538|41.429036|41.428233|41.427864|41.42666|41.426099|41.424819|41.423816|41.422475|41.422307|41.421904|41.421818|41.421077|41.419594|41.418108|41.416934|41.419215|41.421383|41.422258|41.422891|41.424676|41.425655|41.426374|41.427728
0-EU-ES-08-13-001-019-01-001,La Barceloneta,8,2.204935|2.202009|2.198635|2.199631|2.19837|2.195892|2.194933|2.193782|2.192441|2.191575|2.190825|2.188535|2.185676|2.18448|2.183493|2.184338|2.185424|2.184659|2.18333|2.181454|2.171521|2.171358|2.17377|2.17567|2.185736|2.188273|2.192133|2.20305|2.204935|41.378798|41.380915|41.383066|41.384834|41.385779|41.387705|41.387047|41.386149|41.385274|41.38475|41.384387|41.383283|41.38198|41.3814|41.380957|41.379027|41.376468|41.375067|41.371788|41.364471|41.349882|41.339784|41.33951|41.350637|41.357354|41.363049|41.369698|41.376628|41.378798
0-EU-ES-08-13-001-019-01-002,Sant Pere - Santa Caterina i la Ribera,8,2.185635|2.188542|2.191537|2.192413|2.193807|2.191461|2.190285|2.189115|2.188723|2.186548|2.184556|2.182401|2.181354|2.180267|2.179939|2.179668|2.177996|2.177427|2.175911|2.173441|2.172763|2.173183|2.173492|2.17394|2.175002|2.176868|2.17805|2.180794|2.182219|2.182473|2.182752|2.183497|2.184578|2.185635|41.381963|41.383291|41.384755|41.38527|41.386195|41.387965|41.388843|41.389602|41.389865|41.391209|41.389778|41.391419|41.392207|41.391381|41.391069|41.390974|41.390327|41.390087|41.388948|41.388996|41.388508|41.388169|41.38793|41.387596|41.386793|41.385398|41.384546|41.382429|41.381374|41.381176|41.380972|41.380961|41.381445|41.381963
0-EU-ES-08-13-001-019-09-007,La Sagrera,8,2.189991|2.188822|2.188047|2.187657|2.185938|2.184068|2.184802|2.184278|2.184179|2.184185|2.184002|2.183941|2.188215|2.190255|2.191456|2.191109|2.192431|2.193596|2.193295|2.193264|2.193735|2.19518|2.195465|2.195694|2.196031|2.196272|2.196032|2.195237|2.194284|2.193936|2.193395|2.192648|2.192304|2.191402|2.190408|2.189991|41.427792|41.428094|41.428451|41.428623|41.428623|41.428625|41.427601|41.427627|41.425674|41.424687|41.423456|41.422681|41.419408|41.417866|41.416974|41.415547|41.414521|41.415375|41.416185|41.416717|41.417916|41.422462|41.42381|41.424764|41.426086|41.426661|41.426788|41.427234|41.427712|41.427881|41.428067|41.427871|41.427812|41.427727|41.42772|41.427792
0-EU-ES-08-13-001-019-08-004,La Guineueta,8,2.161468|2.161786|2.162144|2.162875|2.163738|2.163311|2.163567|2.163381|2.16471|2.165605|2.166597|2.167841|2.168163|2.168877|2.169804|2.170068|2.170722|2.171391|2.171747|2.172063|2.172311|2.172796|2.173769|2.174588|2.175149|2.174145|2.17393|2.173261|2.172979|2.172843|2.172729|2.172169|2.171662|2.171309|2.16813|2.165718|2.164145|2.162727|2.161468|41.43999|41.439275|41.438857|41.438337|41.437787|41.437442|41.437184|41.436833|41.436449|41.436338|41.436113|41.435816|41.435663|41.435108|41.43481|41.434792|41.434795|41.434914|41.435114|41.435321|41.435656|41.436394|41.437342|41.438344|41.439004|41.439971|41.440176|41.440651|41.441071|41.441354|41.442015|41.442783|41.443484|41.44333|41.44213|41.441259|41.440647|41.440238|41.43999
0-EU-ES-08-13-001-019-01-003,El Gòtic,8,2.185428|2.183498|2.182745|2.182183|2.179729|2.178538|2.176412|2.173996|2.172765|2.172361|2.171793|2.171397|2.171169|2.170306|2.169821|2.170813|2.171768|2.172567|2.173339|2.175492|2.175808|2.176365|2.177172|2.177804|2.177229|2.177172|2.176528|2.176348|2.177366|2.178152|2.179918|2.181739|2.183313|2.18392|2.184652|2.185428|41.376475|41.380949|41.380964|41.381384|41.383243|41.384164|41.385732|41.387546|41.3885|41.38801|41.387354|41.38699|41.386835|41.385963|41.385544|41.384209|41.382922|41.381931|41.381052|41.378619|41.37814|41.377295|41.376366|41.375801|41.375195|41.375135|41.374394|41.374181|41.373673|41.373847|41.373127|41.372406|41.3718|41.373103|41.375087|41.376475
0-EU-ES-08-13-001-019-04-001,Les Corts,8,2.143872|2.137853|2.136358|2.135266|2.132225|2.129998|2.129432|2.128503|2.127975|2.127389|2.127178|2.127142|2.1271|2.127371|2.127612|2.128488|2.129087|2.13018|2.131371|2.132737|2.13427|2.135474|2.137553|2.138735|2.14041|2.140839|2.141526|2.142551|2.142599|2.142646|2.143362|2.14341|2.143707|2.144259|2.144458|2.143872|41.392861|41.391362|41.39156|41.391724|41.392265|41.392615|41.392403|41.391209|41.39022|41.388413|41.387462|41.386806|41.385997|41.385075|41.384243|41.381219|41.379325|41.379944|41.38048|41.380925|41.38135|41.381765|41.382579|41.383121|41.383916|41.38427|41.384805|41.385535|41.385549|41.385946|41.38929|41.389477|41.390521|41.392563|41.392848|41.392861
0-EU-ES-08-13-001-019-08-009,Vilapicina i la Torre Llobeta,8,2.168239|2.167922|2.165446|2.164842|2.164357|2.164242|2.164441|2.164878|2.165907|2.166189|2.165436|2.164274|2.163658|2.163924|2.165076|2.165957|2.167117|2.169797|2.171175|2.172368|2.173119|2.176053|2.176085|2.176526|2.177335|2.177307|2.177209|2.177285|2.178067|2.17917|2.179449|2.180709|2.184155|2.184286|2.1848|2.184069|2.183948|2.18358|2.18294|2.182075|2.180722|2.179014|2.175647|2.174806|2.172314|2.169814|2.168616|2.168239|41.430437|41.430452|41.430579|41.430774|41.430853|41.430864|41.430678|41.430367|41.429792|41.429638|41.429215|41.428515|41.428109|41.428028|41.427812|41.427732|41.427592|41.427218|41.426856|41.426515|41.426313|41.425509|41.425476|41.425479|41.425478|41.425879|41.427807|41.428202|41.428063|41.427881|41.427843|41.427781|41.427616|41.427627|41.427602|41.428622|41.428803|41.429322|41.430246|41.430248|41.430247|41.430252|41.430284|41.430296|41.430359|41.430409|41.43043|41.430437
0-EU-ES-08-13-001-019-07-003,La Teixonera,8,2.147462|2.146535|2.145859|2.14495|2.144424|2.143497|2.142801|2.142211|2.1419|2.140642|2.140981|2.141854|2.142101|2.143473|2.143684|2.143888|2.144065|2.144505|2.144594|2.144791|2.144883|2.145637|2.145727|2.147001|2.147921|2.149135|2.149452|2.149496|2.149517|2.150424|2.150804|2.150988|2.150993|2.151012|2.151047|2.151168|2.151577|2.151853|2.15243|2.152592|2.151717|2.151796|2.151055|2.150564|2.149556|2.148947|2.148768|2.148147|2.147462|41.424434|41.424205|41.424261|41.424419|41.42443|41.424383|41.424643|41.424799|41.424121|41.421295|41.421317|41.421581|41.421533|41.420484|41.420291|41.420158|41.420272|41.420549|41.420765|41.420851|41.420872|41.421001|41.421093|41.421265|41.421642|41.42162|41.421609|41.421113|41.420733|41.421635|41.42214|41.422444|41.422868|41.423312|41.423554|41.424029|41.424492|41.424755|41.425037|41.42513|41.425206|41.42599|41.426082|41.426064|41.425674|41.425309|41.425179|41.424742|41.424434
0-EU-ES-08-13-001-019-04-002,La Maternitat i Sant Ramon,8,2.12738|2.120803|2.104917|2.101998|2.102018|2.103102|2.103695|2.104366|2.105651|2.107175|2.108825|2.108892|2.117821|2.121454|2.121673|2.121651|2.121754|2.122719|2.124374|2.125302|2.12587|2.129085|2.128478|2.127095|2.127174|2.12738|41.388408|41.386702|41.382468|41.381717|41.380337|41.380247|41.380069|41.379746|41.379081|41.378537|41.377347|41.375964|41.37579|41.377947|41.377446|41.375978|41.375665|41.375656|41.376631|41.377181|41.377582|41.379332|41.381225|41.385998|41.387464|41.388408
0-EU-ES-08-13-001-019-08-007,Can Peguera - El Turó de la Peira,8,2.174518|2.173991|2.173908|2.173716|2.173238|2.172279|2.172063|2.17176|2.171391|2.17072|2.170053|2.169801|2.168885|2.168162|2.167838|2.166463|2.165611|2.164699|2.16338|2.163271|2.164219|2.163952|2.163654|2.163351|2.1631|2.163129|2.163343|2.163658|2.164231|2.164843|2.165444|2.166904|2.168228|2.170456|2.170979|2.171891|2.174806|2.174518|41.430923|41.431888|41.432037|41.432386|41.433218|41.434974|41.435321|41.43512|41.434915|41.434785|41.434783|41.434804|41.435093|41.435657|41.435807|41.436138|41.436328|41.436448|41.436828|41.436566|41.436274|41.435511|41.434778|41.433751|41.432901|41.43241|41.431854|41.431385|41.430872|41.430779|41.430583|41.430506|41.43044|41.430399|41.430387|41.430369|41.430298|41.430923
0-EU-ES-08-13-001-019-05-006,El Putxet i el Farró,8,2.137641|2.137988|2.138231|2.138283|2.138118|2.137734|2.136914|2.137213|2.138067|2.139058|2.139385|2.139827|2.140773|2.142231|2.142778|2.143881|2.144986|2.146278|2.146714|2.147304|2.147646|2.148871|2.150056|2.151274|2.151314|2.151125|2.150578|2.150274|2.149928|2.150108|2.150329|2.150385|2.150284|2.150002|2.150015|2.150004|2.149895|2.149189|2.148251|2.147463|2.146467|2.145891|2.14574|2.145548|2.145255|2.145076|2.144587|2.143709|2.140967|2.139879|2.139088|2.138154|2.137641|41.414172|41.412745|41.411644|41.411287|41.410798|41.410424|41.410103|41.409541|41.407922|41.405982|41.405364|41.405023|41.404436|41.403901|41.403419|41.403001|41.402637|41.401917|41.40168|41.401357|41.401145|41.40122|41.400918|41.400499|41.40052|41.401646|41.402327|41.402719|41.403157|41.403899|41.40414|41.404457|41.404723|41.405443|41.405605|41.405862|41.406207|41.406786|41.407508|41.408195|41.409419|41.410215|41.410567|41.410888|41.411171|41.411244|41.411373|41.41143|41.411712|41.412473|41.413088|41.413792|41.414172
0-EU-ES-08-13-001-019-09-006,Navas,8,2.181405|2.180706|2.180632|2.180524|2.18044|2.180376|2.180399|2.180427|2.180513|2.181325|2.183387|2.185256|2.186953|2.187873|2.189018|2.19105|2.191091|2.191456|2.189978|2.188656|2.188413|2.187651|2.183941|2.183921|2.183909|2.183901|2.183336|2.182312|2.181405|41.419881|41.419348|41.419056|41.418617|41.417683|41.417047|41.416783|41.416482|41.415835|41.416432|41.417947|41.416529|41.415241|41.414547|41.41368|41.415232|41.415473|41.416974|41.418072|41.419072|41.419258|41.419839|41.422682|41.422404|41.421592|41.421255|41.421323|41.420566|41.419881
0-EU-ES-08-13-001-019-09-004,El Bon Pastor,8,2.203281|2.200112|2.199375|2.199722|2.195825|2.195608|2.195006|2.194402|2.194143|2.193844|2.193818|2.193949|2.194085|2.195485|2.196052|2.19636|2.196369|2.196393|2.19604|2.196278|2.19677|2.196992|2.197278|2.197812|2.198529|2.199603|2.200873|2.202166|2.203646|2.207295|2.207457|2.205884|2.2106|2.209448|2.207795|2.207531|2.203281|41.44699|41.445443|41.445066|41.442839|41.44258|41.441597|41.439897|41.438437|41.437536|41.436464|41.435174|41.434785|41.434439|41.432704|41.431575|41.430324|41.429675|41.428818|41.426783|41.42666|41.427863|41.428231|41.429037|41.429539|41.42992|41.430274|41.430272|41.429841|41.429333|41.427721|41.428079|41.433004|41.433699|41.436597|41.44102|41.441958|41.44699
0-EU-ES-08-13-001-019-10-008,El Poblenou,8,2.213953|2.210779|2.207405|2.207054|2.210237|2.203982|2.193781|2.194188|2.1956|2.197354|2.196081|2.193909|2.196025|2.198953|2.199888|2.200945|2.201407|2.203871|2.206208|2.213953|41.39591|41.397561|41.400032|41.400303|41.402724|41.407607|41.405037|41.40474|41.403661|41.40233|41.40078|41.398117|41.396474|41.39428|41.393571|41.394466|41.394087|41.392197|41.390358|41.39591
0-EU-ES-08-13-001-019-10-005,El Parc i la Llacuna del Poblenou,8,2.197354|2.194789|2.194024|2.193783|2.192649|2.191503|2.189771|2.188494|2.187121|2.18657|2.186853|2.186861|2.18688|2.186885|2.186562|2.185339|2.182396|2.182948|2.183529|2.183878|2.184555|2.185638|2.186546|2.187764|2.189194|2.189446|2.189867|2.192523|2.193807|2.194984|2.196039|2.19391|2.19673|2.197354|41.402331|41.404283|41.404861|41.405035|41.405892|41.406783|41.405463|41.40449|41.403482|41.403079|41.402457|41.399992|41.397153|41.394762|41.394526|41.393618|41.391423|41.390998|41.390557|41.390294|41.389783|41.390559|41.391212|41.390462|41.391497|41.391688|41.39199|41.393906|41.394835|41.395684|41.396464|41.398117|41.401574|41.402331
0-EU-ES-08-13-001-019-09-005,El Congrés i els Indians,8,2.180759|2.179453|2.179175|2.178651|2.178089|2.177285|2.177209|2.177307|2.177335|2.176596|2.176085|2.176389|2.176788|2.177012|2.178523|2.179673|2.180477|2.180784|2.180881|2.180705|2.181571|2.182564|2.183336|2.1839|2.183921|2.183941|2.184001|2.184094|2.184182|2.184174|2.184252|2.184279|2.184154|2.182949|2.180759|41.427778|41.427842|41.427881|41.427967|41.428058|41.428202|41.427807|41.425911|41.425477|41.425479|41.425476|41.425134|41.42473|41.424501|41.42287|41.421624|41.420748|41.420412|41.420046|41.419348|41.420009|41.420756|41.421324|41.421255|41.4224|41.422681|41.423452|41.424098|41.42469|41.425656|41.427157|41.427627|41.427616|41.427673|41.427778
0-EU-ES-08-13-001-019-10-006,La Vila Olímpica del Poblenou,8,2.206214|2.202735|2.201325|2.200944|2.199887|2.196039|2.194994|2.192544|2.191395|2.190247|2.189484|2.18912|2.187764|2.188692|2.190278|2.192316|2.193024|2.193821|2.194831|2.195891|2.198006|2.198585|2.199639|2.198649|2.198923|2.199256|2.200782|2.206429|2.206214|41.390353|41.393078|41.394152|41.394464|41.393571|41.396463|41.395692|41.393921|41.393092|41.392264|41.391715|41.391443|41.390462|41.389894|41.388856|41.387342|41.386796|41.386196|41.386978|41.38771|41.386066|41.385624|41.384838|41.383071|41.382896|41.382686|41.383352|41.387954|41.390353
0-EU-ES-08-13-001-019-02-001,La Nova Esquerra de l'Eixample,8,2.143714|2.143394|2.143223|2.142651|2.142596|2.142328|2.142138|2.142958|2.14432|2.144749|2.149481|2.150068|2.152954|2.153819|2.158579|2.154606|2.153519|2.148246|2.147646|2.143714|41.390516|41.389433|41.388637|41.385968|41.385536|41.382724|41.380794|41.380276|41.379256|41.378938|41.375189|41.375736|41.37794|41.378631|41.382152|41.385201|41.38599|41.38986|41.389922|41.390516
0-EU-ES-08-13-001-019-02-002,L'Antiga Esquerra de l'Eixample,8,2.163419|2.164095|2.16535|2.164221|2.159412|2.154672|2.147178|2.144763|2.144462|2.14427|2.14399|2.143712|2.147651|2.148251|2.151674|2.154628|2.158576|2.162005|2.163419|41.385786|41.386299|41.387233|41.388067|41.39174|41.395332|41.393505|41.392862|41.392845|41.392567|41.391557|41.390517|41.389919|41.389855|41.387345|41.385184|41.382154|41.38471|41.385786
0-EU-ES-08-13-001-019-02-003,Sant Antoni,8,2.163982|2.163411|2.159813|2.154026|2.151262|2.150619|2.150058|2.149479|2.149649|2.150725|2.152662|2.153063|2.159353|2.166139|2.167527|2.167553|2.163072|2.163636|2.163982|41.385302|41.385779|41.383071|41.378775|41.376648|41.376157|41.375725|41.375187|41.375068|41.37505|41.375017|41.375013|41.374985|41.374964|41.374961|41.375223|41.37877|41.382995|41.385302
0-EU-ES-08-13-001-019-02-004,La Dreta de l'Eixample,8,2.179942|2.180261|2.177128|2.175631|2.177795|2.176853|2.176612|2.174848|2.174419|2.173534|2.173258|2.171417|2.169761|2.168185|2.16753|2.166392|2.165218|2.163093|2.160864|2.159277|2.154667|2.155818|2.158211|2.158699|2.160343|2.160762|2.161932|2.162109|2.162266|2.163037|2.163961|2.164844|2.165349|2.164137|2.163407|2.163982|2.164729|2.166852|2.167525|2.16858|2.169821|2.170327|2.171167|2.171401|2.171792|2.172348|2.172749|2.173432|2.174862|2.175903|2.177428|2.17803|2.179633|2.179942|41.391071|41.391381|41.393753|41.394928|41.396584|41.397301|41.397484|41.39881|41.399133|41.399782|41.399984|41.401407|41.402685|41.401509|41.401024|41.401877|41.40099|41.399391|41.397716|41.396506|41.39533|41.394463|41.39265|41.392279|41.391029|41.390708|41.389818|41.389683|41.38956|41.388972|41.388265|41.387605|41.387234|41.38633|41.385778|41.385302|41.385952|41.38575|41.385686|41.38562|41.385544|41.385982|41.386833|41.386996|41.387358|41.388004|41.388496|41.388995|41.388958|41.388947|41.390087|41.39034|41.390961|41.391071
0-EU-ES-08-13-001-019-02-006,El Fort Pienc,8,2.173263|2.174205|2.176419|2.177795|2.175635|2.176225|2.176745|2.177311|2.180267|2.181108|2.181359|2.182396|2.185661|2.18659|2.186878|2.186871|2.18684|2.186456|2.179647|2.173263|41.399988|41.399299|41.397633|41.396584|41.394929|41.39446|41.394056|41.393616|41.391379|41.392013|41.392206|41.391421|41.393859|41.394548|41.394761|41.397074|41.402456|41.403361|41.401582|41.399988
0-EU-ES-08-13-001-019-03-001,Sants - Badal,8,2.12175|2.121988|2.123253|2.123897|2.124291|2.125653|2.127309|2.128194|2.129038|2.129339|2.130127|2.130718|2.131032|2.131898|2.130414|2.129085|2.125869|2.125297|2.123947|2.122719|2.12175|41.375665|41.375426|41.374901|41.374152|41.373602|41.372787|41.371684|41.371211|41.370766|41.370547|41.369964|41.370508|41.370804|41.371608|41.375561|41.379327|41.377582|41.377178|41.37638|41.375656|41.375665
0-EU-ES-08-13-001-019-03-002,Sants,8,2.14179|2.141804|2.141851|2.141863|2.141835|2.14209|2.142357|2.14296|2.142957|2.142682|2.142138|2.142599|2.142552|2.141524|2.140863|2.140419|2.138991|2.137548|2.135486|2.134262|2.132712|2.131369|2.130197|2.129085|2.129907|2.130432|2.131885|2.132244|2.133605|2.134523|2.134698|2.135153|2.135246|2.136862|2.138089|2.137899|2.13934|2.140434|2.140258|2.141096|2.141005|2.140992|2.141042|2.141076|2.140878|2.140852|2.140469|2.140498|2.14179|41.376549|41.377106|41.378162|41.378377|41.379086|41.379626|41.379855|41.380275|41.380276|41.38045|41.380794|41.385548|41.385535|41.384803|41.384289|41.383923|41.383241|41.382579|41.381771|41.381347|41.380913|41.380479|41.379952|41.379327|41.377008|41.375499|41.37164|41.370892|41.371189|41.371111|41.371059|41.371078|41.371081|41.371583|41.371991|41.372365|41.372844|41.373187|41.373775|41.373822|41.374168|41.374354|41.374653|41.374862|41.375037|41.375292|41.375313|41.376482|41.376549
0-EU-ES-08-13-001-019-06-004,El Coll,8,2.144402|2.144518|2.144236|2.144007|2.144017|2.144124|2.1446|2.144939|2.145183|2.145479|2.14602|2.146977|2.146989|2.146869|2.146737|2.14643|2.145364|2.145151|2.144899|2.144723|2.144729|2.144752|2.144977|2.147151|2.14801|2.148233|2.149435|2.150251|2.15083|2.150787|2.150391|2.150181|2.150341|2.151197|2.151572|2.151926|2.151891|2.151757|2.151474|2.151234|2.150991|2.150972|2.150969|2.151179|2.151451|2.151574|2.151665|2.151742|2.149236|2.149507|2.149478|2.149449|2.148745|2.147924|2.146999|2.145727|2.145638|2.144876|2.144796|2.1446|2.14451|2.144069|2.144402|41.419926|41.419684|41.419092|41.418126|41.417636|41.417356|41.416967|41.416706|41.416591|41.416644|41.416884|41.416381|41.416371|41.415881|41.415686|41.415532|41.414988|41.414878|41.414693|41.414509|41.414147|41.413354|41.413449|41.414729|41.415405|41.415583|41.415322|41.415445|41.415603|41.415778|41.416096|41.416265|41.416335|41.416337|41.416507|41.416908|41.41696|41.417159|41.417303|41.417535|41.417834|41.417937|41.418058|41.418442|41.418832|41.419122|41.419367|41.420175|41.420354|41.420738|41.421308|41.421609|41.421622|41.421638|41.421259|41.42109|41.420996|41.420866|41.420848|41.420764|41.420545|41.420269|41.419926
0-EU-ES-08-13-001-019-07-001,Sant Genís Dels Agudells - Montbau,8,2.122725|2.119624|2.120974|2.121453|2.120536|2.120472|2.12077|2.120878|2.12126|2.123957|2.124796|2.124867|2.125224|2.126319|2.126628|2.127516|2.128282|2.131023|2.132425|2.13379|2.134709|2.135374|2.135085|2.134291|2.134206|2.13431|2.134485|2.134729|2.1348|2.1352|2.135289|2.135022|2.136097|2.13616|2.136379|2.137188|2.137584|2.137923|2.138109|2.138446|2.138349|2.138141|2.137748|2.137664|2.137676|2.13775|2.137948|2.138438|2.139675|2.140073|2.140644|2.142227|2.144207|2.144677|2.145955|2.146789|2.14771|2.147982|2.148713|2.148225|2.147274|2.146224|2.145385|2.143185|2.142292|2.140766|2.139801|2.135382|2.134174|2.133084|2.1299|2.129101|2.128439|2.127962|2.12674|2.125712|2.122725|41.428803|41.42575|41.425942|41.425722|41.424047|41.422807|41.422137|41.421849|41.421498|41.421548|41.421726|41.421263|41.421224|41.421427|41.421708|41.421974|41.422211|41.421923|41.42143|41.421519|41.421423|41.421307|41.42209|41.422585|41.42277|41.423129|41.423394|41.423595|41.423858|41.424166|41.424438|41.424948|41.424465|41.423813|41.423595|41.423499|41.423351|41.423088|41.422797|41.421884|41.421592|41.421463|41.421313|41.421193|41.421084|41.42096|41.420863|41.420731|41.420373|41.420244|41.42132|41.424859|41.428982|41.429966|41.432517|41.434168|41.435447|41.435692|41.436221|41.437708|41.438226|41.43908|41.439956|41.440394|41.439919|41.440066|41.440647|41.444384|41.445154|41.445912|41.443097|41.439235|41.436006|41.4337|41.432555|41.431629|41.428803
0-EU-ES-08-13-001-019-07-002,Horta,8,2.161446|2.161581|2.16188|2.162235|2.162257|2.162202|2.161795|2.161655|2.161016|2.161135|2.161245|2.161707|2.161099|2.160186|2.159899|2.156042|2.152414|2.138956|2.135036|2.133087|2.134159|2.135439|2.139818|2.140769|2.142274|2.143182|2.144852|2.145382|2.146237|2.147271|2.147951|2.148238|2.148498|2.148714|2.149584|2.150746|2.15183|2.152259|2.152887|2.151253|2.152201|2.153231|2.152802|2.15236|2.15241|2.15267|2.153329|2.153572|2.15397|2.154606|2.155232|2.155471|2.155831|2.156371|2.157008|2.157432|2.15777|2.157856|2.158127|2.158319|2.159221|2.159709|2.16016|2.163921|2.163644|2.164298|2.165519|2.166177|2.16554|2.164937|2.164418|2.163652|2.163338|2.163123|2.163086|2.163317|2.163742|2.163844|2.164207|2.163493|2.163266|2.163372|2.163561|2.163305|2.163732|2.162862|2.162621|2.162139|2.161779|2.161634|2.161468|2.161582|2.161855|2.162153|2.162387|2.1624|2.161571|2.161446|41.441889|41.442082|41.44241|41.4428|41.443003|41.443645|41.443777|41.443522|41.44418|41.445842|41.447267|41.447867|41.449417|41.449158|41.450141|41.450255|41.447194|41.447528|41.447578|41.445914|41.44517|41.444359|41.440643|41.440079|41.439926|41.440398|41.440069|41.439972|41.439083|41.438239|41.437861|41.437714|41.436879|41.436219|41.436782|41.437336|41.437355|41.437202|41.43665|41.435968|41.435143|41.434898|41.434157|41.433858|41.433445|41.433172|41.432685|41.432406|41.431634|41.431219|41.430676|41.43044|41.430083|41.429822|41.429068|41.429195|41.428537|41.428135|41.426627|41.425535|41.42608|41.426272|41.426458|41.428025|41.42811|41.42854|41.429271|41.429635|41.429991|41.430329|41.430686|41.431384|41.431851|41.432418|41.432897|41.433703|41.435053|41.435304|41.436269|41.436485|41.436562|41.436838|41.437183|41.437441|41.437789|41.438339|41.438512|41.438858|41.439279|41.439606|41.43999|41.440394|41.44056|41.440739|41.440881|41.44133|41.441709|41.441889
0-EU-ES-08-13-001-019-07-005,El Guinardó,8,2.168985|2.168976|2.169552|2.169524|2.169515|2.169281|2.169075|2.168797|2.168215|2.167963|2.167421|2.167127|2.167112|2.167931|2.167936|2.167244|2.167071|2.166743|2.166463|2.166053|2.165875|2.165302|2.164918|2.164901|2.165604|2.166313|2.167855|2.168408|2.167974|2.167765|2.167642|2.167647|2.167435|2.167144|2.166504|2.166095|2.167302|2.167993|2.169395|2.169316|2.169512|2.17303|2.174331|2.175453|2.180513|2.180428|2.180371|2.180443|2.180524|2.180706|2.180881|2.180785|2.180518|2.179818|2.178915|2.178573|2.177066|2.176838|2.176391|2.176053|2.172359|2.172391|2.172498|2.171852|2.17187|2.171891|2.170903|2.169978|2.169509|2.168985|41.421274|41.421515|41.422545|41.422982|41.423118|41.423369|41.423179|41.423112|41.423228|41.423279|41.422825|41.422628|41.422552|41.422473|41.422293|41.422165|41.421349|41.420873|41.420796|41.420827|41.420851|41.420641|41.419576|41.418974|41.418382|41.418072|41.418566|41.418809|41.418257|41.418253|41.418129|41.417802|41.417544|41.417274|41.416906|41.416694|41.415436|41.415757|41.415582|41.415239|41.414863|41.412185|41.411188|41.412045|41.41584|41.416447|41.417037|41.417732|41.418619|41.41935|41.420047|41.420411|41.420699|41.421464|41.42244|41.422809|41.424444|41.424679|41.425131|41.425509|41.426517|41.426165|41.424985|41.424027|41.423589|41.423163|41.42286|41.421789|41.421168|41.421274
0-EU-ES-08-13-001-019-07-008,La Font d'En Fargues,8,2.15837|2.158562|2.158532|2.158781|2.159044|2.15817|2.15846|2.15903|2.159182|2.159629|2.16226|2.162626|2.163047|2.163217|2.163236|2.163335|2.163629|2.163868|2.164827|2.165301|2.165877|2.166058|2.166462|2.166742|2.167069|2.167192|2.167245|2.167937|2.167932|2.167113|2.167128|2.167418|2.167962|2.168795|2.169075|2.169281|2.169515|2.169552|2.168976|2.168985|2.169509|2.169978|2.170903|2.171891|2.171852|2.172499|2.17236|2.170994|2.169783|2.167164|2.165075|2.163923|2.161968|2.159973|2.159221|2.158333|2.15837|41.4253|41.424685|41.424304|41.423808|41.423244|41.423038|41.421697|41.421365|41.421366|41.42195|41.422434|41.421576|41.421628|41.421215|41.421169|41.421048|41.421184|41.420957|41.420838|41.420643|41.420853|41.420828|41.420799|41.420874|41.421348|41.421902|41.422167|41.422293|41.422472|41.422553|41.422628|41.422822|41.423279|41.423111|41.42318|41.42337|41.423119|41.422546|41.421515|41.421274|41.421168|41.421788|41.422861|41.423163|41.424025|41.424986|41.426512|41.426897|41.427213|41.427578|41.42781|41.428022|41.427209|41.426376|41.426074|41.425538|41.4253
0-EU-ES-08-13-001-019-07-009,Can Baró,8,2.158646|2.158535|2.157327|2.156981|2.156523|2.156369|2.156365|2.156566|2.156542|2.156323|2.156073|2.155206|2.154827|2.155117|2.155917|2.156651|2.157|2.157233|2.157473|2.157632|2.157809|2.158057|2.159124|2.160216|2.161287|2.161562|2.161844|2.162939|2.164275|2.16567|2.16623|2.167302|2.16609|2.16648|2.167138|2.167431|2.167643|2.167636|2.167759|2.167969|2.168395|2.167869|2.166314|2.1656|2.164897|2.164912|2.165078|2.164397|2.16367|2.163319|2.163048|2.162487|2.161931|2.161724|2.161295|2.161083|2.16135|2.161074|2.16091|2.160153|2.159747|2.15949|2.15883|2.158784|2.158873|2.159129|2.159176|2.159132|2.159052|2.158971|2.158864|2.158646|41.416809|41.416943|41.417796|41.417831|41.417638|41.417423|41.417261|41.416904|41.416725|41.416352|41.416004|41.415661|41.415123|41.414957|41.415122|41.415674|41.416262|41.416524|41.416583|41.416513|41.41615|41.415599|41.414494|41.413915|41.413616|41.413762|41.413874|41.414314|41.414634|41.41488|41.414922|41.415434|41.416695|41.416899|41.417272|41.417545|41.417805|41.418131|41.418257|41.418257|41.418799|41.418566|41.418066|41.418377|41.418978|41.419579|41.420027|41.420009|41.419957|41.419908|41.419922|41.420072|41.419064|41.418692|41.418242|41.418179|41.417482|41.417429|41.417443|41.417794|41.417808|41.417636|41.417026|41.416944|41.416876|41.416767|41.416666|41.416572|41.416515|41.4165|41.416523|41.416809
0-EU-ES-08-13-001-019-03-007,El Poble Sec - Parc de Montjuïc,8,2.154278|2.152606|2.149649|2.149479|2.14844|2.147308|2.148558|2.150443|2.149839|2.149644|2.149526|2.149429|2.149328|2.149188|2.148988|2.148583|2.148276|2.147394|2.146716|2.146033|2.145523|2.145263|2.144984|2.143615|2.14339|2.143285|2.143336|2.142846|2.14166|2.142054|2.142337|2.143107|2.142883|2.143318|2.143752|2.143951|2.144143|2.145281|2.146044|2.146385|2.147436|2.147856|2.148877|2.149382|2.149268|2.149111|2.148792|2.148486|2.148044|2.14734|2.146917|2.146477|2.14614|2.145828|2.145459|2.145149|2.144704|2.144842|2.144822|2.144826|2.144837|2.145068|2.145288|2.145818|2.146026|2.146436|2.146794|2.150692|2.153187|2.15658|2.158504|2.161611|2.162661|2.164219|2.166255|2.168424|2.169273|2.17135|2.171906|2.173624|2.173546|2.17348|2.176084|2.175931|2.176119|2.175402|2.175441|2.174812|2.167531|2.159872|2.159358|2.158402|2.154278|41.375001|41.375017|41.375069|41.375187|41.374496|41.373657|41.372711|41.371271|41.37103|41.370911|41.37085|41.370406|41.370087|41.369833|41.36961|41.369451|41.369466|41.369569|41.369513|41.369306|41.368962|41.368548|41.368349|41.367665|41.367513|41.367306|41.367062|41.366727|41.365655|41.365484|41.365374|41.364912|41.364677|41.364471|41.364107|41.363915|41.363779|41.363268|41.363209|41.362988|41.362589|41.362281|41.361516|41.360519|41.360007|41.359817|41.359688|41.359728|41.359823|41.359958|41.360041|41.360018|41.359904|41.35975|41.359567|41.359411|41.359185|41.358892|41.358591|41.358404|41.357967|41.357576|41.357353|41.356854|41.356497|41.355347|41.354825|41.352914|41.351627|41.352535|41.353754|41.356731|41.357603|41.358769|41.36002|41.361535|41.362342|41.365051|41.366039|41.368177|41.36881|41.369868|41.372721|41.373041|41.373316|41.373839|41.374568|41.374675|41.374961|41.374981|41.374985|41.374986|41.375001
0-EU-ES-08-13-001-019-08-010,Canyelles,8,2.16019|2.161102|2.161597|2.161707|2.161506|2.161238|2.161238|2.161047|2.161025|2.161652|2.161795|2.162216|2.162259|2.162235|2.161454|2.16157|2.162388|2.162369|2.161589|2.161469|2.162716|2.164107|2.171657|2.170836|2.17014|2.169577|2.168773|2.167936|2.164287|2.162524|2.159897|2.16019|41.449157|41.449415|41.448248|41.447872|41.447642|41.447264|41.446803|41.445474|41.444193|41.443526|41.443766|41.443645|41.442991|41.44281|41.441894|41.441701|41.441329|41.440884|41.440393|41.440002|41.440221|41.44063|41.44346|41.444883|41.44465|41.44565|41.447097|41.447603|41.449885|41.449996|41.450146|41.449157
